week,pillar,title,format,primary_goal,conversion
1,Evidence literacy,What a COA proves—and what it does not,article,search,download checklist
2,Research procurement,The lot review checklist,tool,lead capture,join Evidence Notes
3,Quality operations,Purity is not identity or mass,article,search,view Lot Record
4,Product proof,Inside the Third Standard Lot Record,interactive guide,consideration,review access criteria
5,Research procurement,Vendor qualification for a small biotech,article,search,download scorecard
6,Quality operations,What happens when a lot fails,essay,trust,subscribe
7,Evidence literacy,How chain of custody breaks,diagram,share,view Lot Record
8,Custom synthesis,The custom synthesis intake checklist,tool,decision,prepare project brief
9,Market intelligence,Research supply lead-time benchmark,report,authority,subscribe
10,Quality operations,Designing a recall-ready shipment map,article,search,download template
11,Brand doctrine,Why we qualify before we sell,founder letter,trust,review access criteria
12,Product proof,From specification to reorder,case-format walkthrough,decision,prepare application
